Controls,Beta,SE,P_value,Bias,Abs_Bias
None,1.4934470427588515,0.018007912672579417,0.0,0.49344704275885154,0.49344704275885154
Z,0.7906574837869653,0.009724685115260817,0.0,-0.20934251621303468,0.20934251621303468
U1,0.9951513747241859,0.024479766675319356,0.0,-0.004848625275814089,0.004848625275814089
U2,1.49868686904654,0.011123398195325143,0.0,0.49868686904654,0.49868686904654
"Z, U1",0.9822181293691727,0.012180553740315736,0.0,-0.017781870630827257,0.017781870630827257
"Z, U2",0.9942223967887767,0.008142368212775085,0.0,-0.005777603211223337,0.005777603211223337
"U1, U2",1.005013132218037,0.0141015034822344,0.0,0.005013132218036898,0.005013132218036898
"Z, U1, U2",0.9914356098719912,0.009942080548731412,0.0,-0.008564390128008803,0.008564390128008803
