Model,Slope,Intercept,R_squared
High-skill Group,2.1500483318705492,18.90591280172041,0.3243947437015047
Low-skill Group,1.96529561868505,50.23965755754642,0.30208708988490907
Combined,-3.9552635791932906,70.64333835967193,0.5828888857936366
