Model,Slope,Intercept,R_squared
High-skill Group,2.1500483318705927,48.90591280172006,0.3243947437015048
Low-skill Group,1.9652956186849946,20.239657557546646,0.30208708988490895
Combined,7.97595072158499,-0.5634937106006013,0.8532088500156869
