"Controls","Beta","SE","P_value","Bias","Abs_Bias"
"None",1.4874300205832,0.0179416338506687,0,0.487430020583196,0.487430020583196
"Z",0.805317990254938,0.00969386088682018,0,-0.194682009745062,0.194682009745062
"U1",0.990162272990687,0.0243557234569629,0,-0.00983772700931262,0.00983772700931262
"Z, U1",0.999980463380837,0.0121689870940932,0,-1.95366191630963e-05,1.95366191630963e-05
"U2",1.49266694815151,0.0110418522141132,0,0.492666948151508,0.492666948151508
"Z, U2",1.00544943920303,0.0079854832994404,0,0.00544943920302954,0.00544943920302954
"U1, U2",0.98608452626324,0.0138567938208766,0,-0.0139154737367604,0.0139154737367604
"Z, U1, U2",0.99453886783413,0.00981182031172765,0,-0.00546113216587008,0.00546113216587008
