"Model","Slope","Intercept","R_squared"
"High-skill Group",1.76570800675541,21.9017489994245,0.269652537293224
"Low-skill Group",1.98551202347869,49.6730573769509,0.354819294625497
"Combined",-3.89944699539854,69.970209777233,0.60613192189664
