"Model","Slope","Intercept","R_squared"
"High-skill Group",1.76570800675541,51.9017489994245,0.269652537293224
"Low-skill Group",1.98551202347869,19.6730573769509,0.354819294625497
"Combined",8.01873942128444,-1.03108705345274,0.854704938571323
