Model,Coefficient,Std_Error,CI_Lower_99,CI_Upper_99,Bias,Contains_True
X,2.0000266856267572,0.008551404155547374,0.05658245948785476,2.022057848972601,1.0000266856267572,True
"X, Z1",2.008574218473465,0.009939082992522377,0.057118681578190174,2.034180488638632,1.008574218473465,True
"X, Z2",1.4888789908251896,0.009759531817652644,0.058351623510774664,1.514022679493085,0.4888789908251896,True
"X, Z1, Z2",1.0019449218746361,0.01206028521424242,0.043256368215103404,1.033016090874515,0.0019449218746361296,True
"X, Z1, Z2, Z3",1.0079052344703292,0.009961958691585381,0.03248250275978068,1.0335704407645314,0.007905234470329203,True
