Model,Coefficient,Std_Error,CI_Lower_99,CI_Upper_99,Bias,Contains_True
X,2.0101504756960282,0.008552066296378195,0.035534106255050504,2.032183344929295,1.0101504756960282,True
"X, Z1",2.0133121045170848,0.009850571225733252,0.035629898842757884,2.0386903399415313,1.0133121045170848,True
"X, Z2",1.5052669782184889,0.009895454678733033,0.03538048125871667,1.5307608478341705,0.5052669782184889,True
"X, Z1, Z2",1.01828834784866,0.0121119720880323,0.027533315139446075,1.0494926788394927,0.018288347848659958,True
"X, Z1, Z2, Z3",1.0000487112394687,0.009964986688148929,0.02053872181389366,1.0257217186256917,4.8711239468701706e-05,True
