Controls,β (Effect),SE,Bias,Abs Bias,p-value
None,1.5172645530695523,0.018144658257765452,0.5172645530695523,0.5172645530695523,0.0
Z,0.7958594975840403,0.009832508594537945,-0.2041405024159597,0.2041405024159597,0.0
U1,1.0370473444831467,0.024587340813949275,0.03704734448314673,0.03704734448314673,0.0
U2,1.5124083041145644,0.011217586093803909,0.5124083041145644,0.5124083041145644,0.0
"Z, U1",1.012992368726474,0.012086388744760378,0.012992368726473913,0.012992368726473913,0.0
"Z, U2",0.9994302922713076,0.008223886783460891,-0.0005697077286923591,0.0005697077286923591,0.0
"U1, U2",1.010334961865036,0.014068890344920499,0.010334961865035908,0.010334961865035908,0.0
"Z, U1, U2",1.0079052344703285,0.009961958691585374,0.007905234470328537,0.007905234470328537,0.0
