Model,Slope,Intercept,R_squared
High-skill Group,2.302609260206518,47.8490681506531,0.3459554600323669
Low-skill Group,2.326042020501232,18.750658996258398,0.3662543478310557
Combined,8.156036342198956,-1.4048242800113826,0.8752951835734678
