Model,Slope,Intercept,R_squared
High-skill Group,2.3026092602065176,17.8490681506531,0.34595546003236666
Low-skill Group,2.326042020501231,48.75065899625839,0.3662543478310558
Combined,-3.9469582257813034,70.448076534915,0.5944694380206543
