Model,Slope,Intercept,R_squared
High-skill Group,2.302609260206519,17.849068150653096,0.34595546003236666
Low-skill Group,2.3260420205012378,48.750658996258366,0.3662543478310557
Combined,-3.9469582257813105,70.448076534915,0.5944694380206543
